"#",Jurisdiction,Kind,Display Key,Lens ID,Publication Date,Publication Year,Application Number,Application Date,Priority Numbers,Earliest Priority Date,Title,Abstract,Applicants,Inventors,Owners,URL,Document Type,Has Full Text,Cites Patent Count,Cited by Patent Count,Simple Family Size,Simple Family Members,Simple Family Member Jurisdictions,Extended Family Size,Extended Family Members,Extended Family Member Jurisdictions,Sequence Count,CPC Classifications,IPCR Classifications,US Classifications,NPL Citation Count,NPL Resolved Citation Count,NPL Resolved Lens ID(s),NPL Resolved External ID(s),NPL Citations,Legal Status
1,EP,B1,EP 4313633 B1,107-315-905-077-114,2025-08-06,2025,22716914.1,2022-03-21,FR 2103344 A;;EP 2022057268 W,2021-03-31,METHOD FOR FORECASTING THE CURRENT WEAR STATE OF AN IDENTIFIED TYRE INSTALLED ON AN IDENTIFIED AEROPLANE,,MICHELIN & CIE,ROMERO DE LA OSA MARC;;LINARES CLEMENT;;BRUNET JULIEN,,https://lens.org/107-315-905-077-114,Granted Patent,yes,5,0,9,187-885-175-962-563;;140-410-943-440-414;;195-874-182-344-321;;030-019-535-719-15X;;147-977-698-821-281;;043-370-762-931-919;;048-505-507-943-741;;107-315-905-077-114;;164-341-268-417-775,GB;;EP;;JP;;CN;;US;;WO,9,147-977-698-821-281;;140-410-943-440-414;;195-874-182-344-321;;030-019-535-719-15X;;187-885-175-962-563;;043-370-762-931-919;;048-505-507-943-741;;164-341-268-417-775;;107-315-905-077-114,GB;;EP;;JP;;CN;;US;;WO,0,B60C11/246;;B60C11/246;;B60C11/246,B60C11/24,,1,1,125-227-009-795-858,10.1016/j.engappai.2006.01.005,"AL-GARNI A Z ET AL: ""Neural network-based failure rate prediction for De Havilland Dash-8 tires"", ENGINEERING APPLICATIONS OF ARTIFICIAL INTELLIGENCE, PINERIDGE PRESS, SWANSEA, GB, vol. 19, no. 6, 1 September 2006 (2006-09-01), pages 681 - 691, XP027932669, ISSN: 0952-1976, [retrieved on 20060901]",ACTIVE
2,WO,A1,WO 2022/028937 A1,031-959-143-434-629,2022-02-10,2022,PCT/EP2021/070853,2021-07-26,FR 2008268 A,2020-08-04,SYSTEM AND PROCESS FOR AUTOMATIC INTERFACE RECOGNITION IN TIRE PRODUCT PROFILES,"The invention is directed to a computer-implemented process for training a model for automatically recognizing positions in tire product profiles, whereby an error term is calculated with respect to a label assigned in a reference of the interfaces searched in captured images of the tire product profiles that will serve as inputs to the neural network to be trained. The invention also relates to a system (100) for automatically recognizing interface variations captured in images of samples according to the disclosed process.",MICHELIN & CIE,CHATEAU THIERRY;;PHUTANE PRIYANKA;;KONATE MOHAMED-ABBAS,,https://lens.org/031-959-143-434-629,Patent Application,yes,6,1,9,031-959-143-434-629;;184-001-426-430-137;;161-729-420-615-269;;030-754-607-577-447;;122-785-208-342-656;;137-869-295-597-093;;181-727-220-843-335;;169-098-437-908-474;;016-383-764-023-264,EP;;FR;;CN;;US;;KR;;WO,9,137-869-295-597-093;;031-959-143-434-629;;161-729-420-615-269;;030-754-607-577-447;;184-001-426-430-137;;122-785-208-342-656;;181-727-220-843-335;;169-098-437-908-474;;016-383-764-023-264,EP;;FR;;CN;;US;;KR;;WO,0,G06N3/08;;G06N3/045;;G06N3/0455;;G06N3/0464;;G06N3/09;;G06T7/001;;G06T2207/20081;;G06T2207/20084;;G06T7/001;;G06N3/0464;;G06N3/08;;G06T2207/20081;;G06T2207/20084;;G06V10/22;;G06V10/776;;G06T7/001;;G06T7/70;;G06T2207/20081;;G06T2207/20084;;G06T2207/30108;;G06V10/774;;G06V10/82,G06T7/00,,3,2,110-040-733-161-798;;135-674-693-289-130,10.1109/icivc.2018.8492908;;10.1109/access.2019.2908483,"ZHU QIDAN ET AL: ""The Defect Detection Algorithm for Tire X-Ray Images Based on Deep Learning"", 2018 IEEE 3RD INTERNATIONAL CONFERENCE ON IMAGE, VISION AND COMPUTING (ICIVC), IEEE, 27 June 2018 (2018-06-27), pages 138 - 142, XP033422243, DOI: 10.1109/ICIVC.2018.8492908;;WANG REN ET AL: ""Tire Defect Detection Using Fully Convolutional Network"", IEEE ACCESS, vol. 7, 1 April 2019 (2019-04-01), pages 43502 - 43510, XP011719397, DOI: 10.1109/ACCESS.2019.2908483;;HARSHAL BHAMARE ET AL: ""Quality Inspection of Tire using Deep Learning based Computer Vision 1"", INTERNATIONAL JOURNAL OF ENGINEERING RESEARCH & TECHNOLOGY IJERT 8(11), 1 November 2019 (2019-11-01), pages 701 - 704, XP055682519, Retrieved from the Internet <URL:https://www.ijert.org/research/quality-inspection-of-tire-using-deep-learning-based-computer-vision-IJERTV8IS110337.pdf> [retrieved on 20200402]",PATENTED
3,US,B2,US 12511883 B2,161-729-420-615-269,2025-12-30,2025,"18/019,151",2021-07-26,FR 2008268 A;;EP 2021070853 W,2020-08-04,System and process for automatic interface recognition in tire product profiles,A computer-implemented process for training a model for automatically recognizing positions in tire product profiles includes calculating an error term with respect to a label assigned in a reference of the interfaces searched in captured images of the tire product profiles that will serve as inputs to the neural network to be trained. A system (100) automatically recognizes interface variations captured in images of samples according to the disclosed process.,MICHELIN & CIE,CHATEAU THIERRY;;PHUTANE PRIYANKA;;KONATE MOHAMED-ABBAS,,https://lens.org/161-729-420-615-269,Granted Patent,yes,11,0,9,031-959-143-434-629;;184-001-426-430-137;;161-729-420-615-269;;030-754-607-577-447;;122-785-208-342-656;;137-869-295-597-093;;181-727-220-843-335;;169-098-437-908-474;;016-383-764-023-264,EP;;FR;;CN;;US;;KR;;WO,9,137-869-295-597-093;;031-959-143-434-629;;161-729-420-615-269;;030-754-607-577-447;;184-001-426-430-137;;122-785-208-342-656;;181-727-220-843-335;;169-098-437-908-474;;016-383-764-023-264,EP;;FR;;CN;;US;;KR;;WO,0,G06N3/08;;G06N3/045;;G06N3/0455;;G06N3/0464;;G06N3/09;;G06T7/001;;G06T2207/20081;;G06T2207/20084;;G06T7/001;;G06N3/0464;;G06N3/08;;G06T2207/20081;;G06T2207/20084;;G06V10/22;;G06V10/776;;G06T7/001;;G06T7/70;;G06T2207/20081;;G06T2207/20084;;G06T2207/30108;;G06V10/774;;G06V10/82,G06V10/776;;G06T7/00;;G06T7/70;;G06V10/774;;G06V10/82,,4,2,110-040-733-161-798;;135-674-693-289-130,10.1109/icivc.2018.8492908;;10.1109/access.2019.2908483,"International Search Report dated Oct. 25, 2021, in corresponding PCT/EP2021/070853 (2 pages).;;Q. Zhu et al., “The Defect Detection Algorithm for Tire X-Ray Images Based on Deep Learning”, 3rd IEEE Int'l. Conf. on Image, Vision and Computing (ICIVC), pp. 138-142 (2018).;;R. Wang et al., “Tire Defect Detection Using Fully Convolutional Network”, IEEE Access, vol. 7, pp. 43502-43510 (2019).;;H. Bhamare et al., “Quality Inspection of Tire Using Deep Learning Based Computer Vision”, Int'l. J. Eng. Res. & Tech. (IJERT), vol. 8, No. 11, pp. 701-704 (2019).",ACTIVE
4,US,A1,US 2023/0281976 A1,184-001-426-430-137,2023-09-07,2023,"18/019,151",2021-07-26,FR 2008268 A;;EP 2021070853 W,2020-08-04,SYSTEM AND PROCESS FOR AUTOMATIC INTERFACE RECOGNITION IN TIRE PRODUCT PROFILES,"A computer-implemented process for training a model for automatically recognizing positions in tire product profiles, includes calculating an error term with respect to a label assigned in a reference of the interfaces searched in captured images of the tire product profiles that will serve as inputs to the neural network to be trained. A system (100) automatically recognizes interface variations captured in images of samples according to the disclosed process.",MICHELIN & CIE,CHATEAU THIERRY;;PHUTANE PRIYANKA;;KONATE MOHAMED-ABBAS,COMPAGNIE GENERALE DES ETABLISSEMENTS MICHELIN (2023-02-10),https://lens.org/184-001-426-430-137,Patent Application,yes,2,2,9,031-959-143-434-629;;184-001-426-430-137;;161-729-420-615-269;;030-754-607-577-447;;122-785-208-342-656;;137-869-295-597-093;;181-727-220-843-335;;169-098-437-908-474;;016-383-764-023-264,EP;;FR;;CN;;US;;KR;;WO,9,137-869-295-597-093;;031-959-143-434-629;;161-729-420-615-269;;030-754-607-577-447;;184-001-426-430-137;;122-785-208-342-656;;181-727-220-843-335;;169-098-437-908-474;;016-383-764-023-264,EP;;FR;;CN;;US;;KR;;WO,0,G06N3/08;;G06N3/045;;G06N3/0455;;G06N3/0464;;G06N3/09;;G06T7/001;;G06T2207/20081;;G06T2207/20084;;G06T7/001;;G06N3/0464;;G06N3/08;;G06T2207/20081;;G06T2207/20084;;G06V10/22;;G06V10/776;;G06T7/001;;G06T7/70;;G06T2207/20081;;G06T2207/20084;;G06T2207/30108;;G06V10/774;;G06V10/82,G06V10/776;;G06T7/00;;G06T7/70;;G06V10/774;;G06V10/82,,0,0,,,,ACTIVE
5,WO,A1,WO 2022/207375 A1,140-410-943-440-414,2022-10-06,2022,PCT/EP2022/057268,2022-03-21,FR 2103344 A,2021-03-31,METHOD FOR FORECASTING THE CURRENT WEAR STATE OF AN IDENTIFIED TYRE INSTALLED ON AN IDENTIFIED AEROPLANE,"The invention relates to a computer-implemented forecasting method (200) for forecasting a number of residual landings (remaining LPT) corresponding to achievement of a removal threshold of an identified tyre, which is output by a forecasting model. During the forecasting method, a value of the removal threshold of the identified tyre, which is installed on an identified aeroplane, is compared with the number of residual landings (remaining LPT) before achievement of the removal threshold of the identified tyre, and as a consequence a system (100) that carries out the forecasting method creates a maintenance schedule for the identified tyre.",MICHELIN & CIE,ROMERO DE LA OSA MARC;;LINARES CLEMENT;;BRUNET JULIEN,,https://lens.org/140-410-943-440-414,Patent Application,yes,9,2,9,187-885-175-962-563;;140-410-943-440-414;;195-874-182-344-321;;030-019-535-719-15X;;147-977-698-821-281;;043-370-762-931-919;;048-505-507-943-741;;107-315-905-077-114;;164-341-268-417-775,GB;;EP;;JP;;CN;;US;;WO,9,147-977-698-821-281;;140-410-943-440-414;;195-874-182-344-321;;030-019-535-719-15X;;187-885-175-962-563;;043-370-762-931-919;;048-505-507-943-741;;164-341-268-417-775;;107-315-905-077-114,GB;;EP;;JP;;CN;;US;;WO,0,B60C11/246;;B60C11/246;;B60C11/246,B60C11/24,,1,1,125-227-009-795-858,10.1016/j.engappai.2006.01.005,"AL-GARNI A Z ET AL: ""Neural network-based failure rate prediction for De Havilland Dash-8 tires"", ENGINEERING APPLICATIONS OF ARTIFICIAL INTELLIGENCE, PINERIDGE PRESS, SWANSEA, GB, vol. 19, no. 6, 1 September 2006 (2006-09-01), pages 681 - 691, XP027932669, ISSN: 0952-1976, [retrieved on 20060901]",PATENTED
6,US,A1,US 2024/0367464 A1,187-885-175-962-563,2024-11-07,2024,"18/284,753",2022-03-21,FR 2103344 A;;EP 2022057268 W,2021-03-31,METHOD FOR FORECASTING THE CURRENT WEAR STATE OF AN IDENTFIED TIRE INSTALLED ON AN IDENTIFIED AEROPLANE,"A computer-implemented forecasting method (200) forecasts a number of residual landings (remaining LPT) corresponding to achievement of a removal threshold of an identified tire, which is output by a forecasting model. During the forecasting method, a value of the removal threshold of the identified tire, which is installed on an identified aeroplane, is compared with the number of residual landings (remaining LPT) before achievement of the removal threshold of the identified tire, and as a consequence, a system (100) that carries out the forecasting method creates a maintenance schedule for the identified tire.",MICHELIN & CIE,ROMERO DE LA OSA MARC;;LINARES CLEMENT;;BRUNET JULIEN,COMPAGNIE GENERALE DES ETABLISSEMENTS MICHELIN (2023-10-16),https://lens.org/187-885-175-962-563,Patent Application,yes,4,0,9,187-885-175-962-563;;140-410-943-440-414;;195-874-182-344-321;;030-019-535-719-15X;;147-977-698-821-281;;043-370-762-931-919;;048-505-507-943-741;;107-315-905-077-114;;164-341-268-417-775,GB;;EP;;JP;;CN;;US;;WO,9,147-977-698-821-281;;140-410-943-440-414;;195-874-182-344-321;;030-019-535-719-15X;;187-885-175-962-563;;043-370-762-931-919;;048-505-507-943-741;;164-341-268-417-775;;107-315-905-077-114,GB;;EP;;JP;;CN;;US;;WO,0,B60C11/246;;B60C11/246;;B60C11/246,B60C11/24,,0,0,,,,PENDING
7,US,A1,US 2025/0012719 A1,054-157-013-959-662,2025-01-09,2025,"18/710,475",2022-11-10,FR 2112099 A;;EP 2022081479 W,2021-11-16,METHOD AND SYSTEM FOR CONTROLLING THE MANUFACTURE OF RUBBER PRODUCTS IN RESPONSE TO THE PHYSICOCHEMICAL PROPERTIES OF A RUBBER MIXTURE,"A method (200) for controlling the manufacture of rubber products produced by a rubber-product manufacturing system (100) utilizes the output from an olfactory-profiles model as an identification of the physicochemical properties of the rubber mixture in the process of being produced in the production facility (110). A system (100) for manufacturing rubber products performs a method (200) for controlling the manufacture of rubber products, the system including a production facility (110) that implements successive mixing steps, an odor detection device (120) that captures ambient air of the production facility in order to obtain at least one gas sample during the mixing cycle, and a control subsystem (130) that employs an olfactory-profiles model based on the physicochemical properties of the rubber mixtures recognized by surface plasmon resonance (SPR).",MICHELIN & CIE,MONTOY AURELIEN,,https://lens.org/054-157-013-959-662,Patent Application,yes,2,0,8,062-244-995-514-325;;172-416-277-512-882;;084-769-809-878-396;;065-573-401-066-307;;054-157-013-959-662;;068-539-038-618-735;;018-533-397-621-329;;170-624-266-207-851,EP;;FR;;CA;;CN;;US;;WO,8,062-244-995-514-325;;172-416-277-512-882;;170-624-266-207-851;;065-573-401-066-307;;054-157-013-959-662;;068-539-038-618-735;;018-533-397-621-329;;084-769-809-878-396,EP;;FR;;CA;;CN;;US;;WO,0,B29D2030/0066;;B29D30/0061;;G01N21/553;;G01N2021/8416;;G01N21/553;;G01N33/0034;;G01N2201/04,G01N21/552;;G01N33/00,,1,1,059-570-067-739-885,10.1016/j.snb.2009.12.030,"Becher, C et al. ""Detection of Evaporating Hazardous Material Released from Moving Sources Using a Gas Sensor Network."" Sensors and actuators. B, Chemical 146.2 (2010): (Year: 2010)",PENDING
8,FR,A1,FR 3092190 A1,110-074-334-907-463,2020-07-31,2020,1900776,2019-01-29,FR 1900776 A,2019-01-29,Détermination de cause profonde dans des réseaux informatiques,"Un procédé de détermination d’une cause profonde d’une défaillance dans un réseau informatique est fourni. Un modèle de propagation d’erreurs est mappé sur un modèle de réseau neuronal ou sur un réseau d’opérateurs de calcul comprenant des opérateurs de somme et des opérateurs sigmoïdes, basé sur les interdépendances des composants de système du réseau informatique. Les messages d’erreur indiquant la défaillance sont analysés sur la base du modèle de propagation d’erreurs utilisant le réseau neuronal. Une probabilité qu’un message d’erreur soit actuellement émis en cas d’une défaillance d’un composant de réseau surveillé et la probabilité qu’une erreur se propage en réalité jusqu’à un composant de réseau dépendant à partir d’autres composants de réseau dont dépend le composant de réseau dépendant est prise en compte dans l’analyse. La probabilité est déterminée par au moins une (i) des expériences et (ii) les connaissances d’expert. Par l’analyse, les candidats de défaillance probable de cause profonde sont déterminés. Les candidats déterminés pour la cause profonde sont présentés. Figure pour l’abrégé : Fig. 1",AMADEUS SAS,VADÁSZ DÉNES,,https://lens.org/110-074-334-907-463,Patent Application,no,1,0,5,164-915-392-700-615;;110-074-334-907-463;;178-917-444-025-154;;091-469-116-721-352;;158-181-657-629-934,EP;;ES;;FR,5,164-915-392-700-615;;110-074-334-907-463;;178-917-444-025-154;;091-469-116-721-352;;158-181-657-629-934,EP;;ES;;FR,0,H04L41/0631;;G06N3/042;;G06N3/048;;H04L41/0654;;H04L41/16,G06Q10/04,,7,0,,,"HE YAN ET AL: ""G-RCA"", IEEE / ACM TRANSACTIONS ON NETWORKING, IEEE / ACM, NEW YORK, NY, US, vol. 20, no. 6, 1 December 2012 (2012-12-01), pages 1734 - 1747, XP058029874, ISSN: 1063-6692, DOI: 10.1109/TNET.2012.2188837;;MARC SOL\'E ET AL: ""Survey on Models and Techniques for Root-Cause Analysis"", ARXIV.ORG, CORNELL UNIVERSITY LIBRARY, 201 OLIN LIBRARY CORNELL UNIVERSITY ITHACA, NY 14853, 30 January 2017 (2017-01-30), XP080752360;;ALBERT MESTRES ET AL: ""Understanding the Modeling of Computer Network Delays using Neural Networks"", ARXIV.ORG, CORNELL UNIVERSITY LIBRARY, 201 OLIN LIBRARY CORNELL UNIVERSITY ITHACA, NY 14853, 23 July 2018 (2018-07-23), XP081250920;;HERMANN WIETGREFE ET AL: ""Using Neural Networks for Alarm Correlation in Cellular Phone Networks"", 7 February 1997 (1997-02-07), pages 1 - 10, XP055610857, Retrieved from the Internet <URL:https://www.ikt.uni-hannover.de/uploads/tx_tkpublikationen/WTJ1997.pdf> [retrieved on 20190805];;MALGORZATA STEINDERAADARSHPAL S. SETHIB: ""Une étude des techniques de localisation des défaillances dans des réseaux informatiques"", SCIENCE OF COMPUTER PROGRAMMING (SCIENCE DE LA PROGRAMMATION INFORMATIQUE, vol. 53, no. 2, November 2004 (2004-11-01), pages 165 - 194;;GEOFFREY G. TOWELLJUDE W. SHAVLIK: ""Réseaux neuronaux artificiels basés sur des connaissances"", ARTIFICIAL INTELLIGENCE, (INTELLIGENCE ARTIFICIELLE, vol. 70, pages 119 - 165;;HERMANN WIETGREFE: ""Utilisation des réseaux neuronaux pour une corrélation d'alarme dans les réseaux de téléphone cellulaire"", PROCEEDINGS OF THE INTERNATIONAL WORKSHOP ON APPLICATIONS OF NEURAL NETWORKS IN TÉLÉCOMMUNICATION (PROCÉDURES DE L'ATELIER INTERNATIONAL SUR LES APPLICATIONS DES RÉSEAUX NEURONAUX DANS LES TÉLÉCOMMUNICATIONS, 1997",ACTIVE
9,US,B2,US 10699200 B2,100-533-169-440-448,2020-06-30,2020,"15/840,548",2017-12-13,US 201715840548 A;;US 201715420433 A,2017-01-31,Autonomous learning of actionable models from unstructured data,"Techniques for autonomously generating a domain model and/or an action model based on unstructured data are provided. In one example, a computer implemented method can comprise extracting, by a system operatively coupled to a processor, a plurality of actions from a non-numerical language. The plurality of actions can achieve a goal. The computer-implemented method can also comprise generating, by the system, a domain model based on the plurality of actions. Further, the computer-implemented method can comprise generating, by the system, an action model based on the domain model. In various embodiments, the action model can comprise an action transition for accomplishing the goal.",IBM,MANIKONDA LYDIA;;RIABOV ANTON VIKTOROVICH;;SOHRABI ARAGHI SHIRIN;;SRIVASTAVA BIPLAV;;TALAMADUPULA KARTIK;;TURAGA DEEPAK SRINIVAS,INTERNATIONAL BUSINESS MACHINES CORPORATION (2017-01-29),https://lens.org/100-533-169-440-448,Granted Patent,yes,4,0,4,075-600-757-413-676;;020-294-072-533-052;;095-748-281-837-524;;100-533-169-440-448,US,4,075-600-757-413-676;;020-294-072-533-052;;095-748-281-837-524;;100-533-169-440-448,US,0,G06F40/35;;G06N7/01;;G06N20/00;;G06N5/04;;G06F30/20;;G06F40/289;;G06F40/35,G06N5/04;;G06F30/20;;G06F40/289;;G06F40/35,,36,6,036-493-306-521-859;;103-957-891-903-188;;190-630-978-620-042;;097-279-471-775-727;;016-590-817-183-336;;032-841-277-702-310,10.1126/science.1202775;;21960633;;10.1016/j.artint.2006.11.005;;10.21236/ada269671;;25720841;;pmc4408239;;10.1016/j.jbi.2015.02.004;;10.1111/j.1467-8640.1990.tb00297.x;;10.1016/j.artint.2010.09.007,"“WordNet Interface.” NKLT Project. http://www.nltk.org/howto/wordnet.html. Last Accessed Dec. 18, 2018. 6 pages.;;“Golder, Scott A., et al.”“Diurnal and Seasonal Mood Vary with Work, Sleep, and DaylengthAcross Diverse Cultures.” Science 333(6051), Sep. 30, 2011. 5 pages.;;Sablon, Gunther, et al. “Using the event calculus to integrate planning and learning in an intelligent autonomous agent.” Current Trends in AI Planning, pp. 254-265, 1994, Workshop on Planning Current Trends in AI Planning, Linköping, Sweden, Dec. 1993. 13 pages.;;“Configuring PRAW.” PRAW. https://praw.readthedocs.io/en/latest/getting_started/configuration.html. Last Accessed Dec. 18, 2018. 5 pages.;;Jan. 31, 2017, U.S. Appl. No. 15/420,433.;;Arora, et al. A Review on Learning Planning Action Models for Socio-Communicative HRI, Workshop on Affect, Compagnon Artificiel and Interaction, Jun. 2016, Brest, France.;;Yang, et al. Learning Action Models from Plan Examples using Weighted MAX-SAT, Artificial Intelligence, vol. 171, Issues 2-3, Feb. 2007, pp. 107-143.;;Zhuo, et al. Cross-Domain Action-Model Acquisition for Planning Via Web Search, Proceedings of the Twenty-First International Conference on Automated Planning and Scheduling, 2011, Last accessed Oct. 12, 2016, pp. 298-305.;;Byrce, et al. Maintaining Evolving Domain Models, Proceedings of the Twenty-Fifth International Joint Conference on Artificial Intelligence, Last accessed Jan. 23, 2017, pp. 3053-3059.;;De Choudhury, et al. Predicting Postpartum Changes in Emotion and Behavior via Social Media, Last accessed Jan. 23, 2017, 10 Pages.;;Gil, Learning by Experimentation: Incremental Refinement of Incomplete Planning Domains, Last accessed Jan. 23, 2017, 9 Pages.;;Anonymous, Generating actions based on integration of information from social media and time management applications, Feb. 25, 2015, 2 Pages.;;Kambhampati, Model-lite Planning for the Web Age Masses:The Challenges of Planning with Incomplete and Evolving Domain Models, Last accessed Jan. 23, 2017, 4 Pages.;;Kiciman, et al. Towards Decision Support and Goal Achievement: Identifying Action-Outcome Relationships From Social Media, Last accessed Jan. 23, 2017, pp. 547-556.;;Law, et al. Towards Large-Scale Collaborative Planning: Answering High-Level Search Queries Using Human Computation, Last accessed Jan. 23, 2017, 6 Pages.;;Manikonda, et al. AI-MIX: Using Automated Planning to Steer Human Workers Towards Better Crowdsourced Plans, Proceedings of the Twenty-Sixth Annual Conference on Innovative Applications of Artificial Intelligence, Last accessed Jan. 23, 2017, pp. 3004-3009.;;Musie, Planning.Domains, Last accessed Jan. 23, 2017, 54 Pages.;;Oates, et al. Learning Planning Operators with Conditional and Probabilistic Effects, AAAI Technical Report SS-96-04, Last accessed Jan. 23, 2017, pp. 86-94.;;Paul, et al. You Are What You Tweet: Analyzing Twitter for Public Health, Proceedings of the Fifth International AAAI Conference on Weblogs and Social Media, Last accessed Jan. 23, 2017, pp. 265-272.;;Sarker, et al. Utilizing social media data for pharmacovigilance: A review, Journal of Biomedical Informatics 54 (2015) 202-212, Feb. 23, 2015, pp. 202-212.;;Simpson, et al. Planning domain definition using GIPO, Knowledge Engineering Review, vol. 22:2, Last accessed Jan. 23, 2017, pp. 117-134, United Kingdom.;;Sohrabi, et al. Hypothesis Exploration for Malware Detection using Planning, Proceedings of the Twenty-Seventh AAAI Conference on Artificial Intelligence, Last accessed Jan. 23, 2017, pp. 883-889.;;Riabov, et al. Planning-Based Reasoning for Automated Large-Scale Data Analysis, Proceedings of the Twenty-Fifth International Conference on Automated Planning and Scheduling, Last accessed Jan. 23, 2017, pp. 282-290.;;Tate, et al. O-Plan 2: an Open Architecture for Command, Planning and Control, Last accessed Jan. 23, 2017, pp. 1-26.;;Tian, et al. Discovering Underlying Plans Based on Distributed Representations of Actions, Proceedings of the 15th International Conference on Autonomous Agents and Multiagent Systems (AAMAS 2016), Last accessed Jan. 23, 2017, 9 Pages, Singapore.;;Toutanova et al. Feature-Rich Part-of-Speech Tagging with a Cyclic Dependency Network, Last accessed Jan. 23, 2017, 8 Pages.;;Vaquero, et al. itSIMPLE 2.0: An Integrated Tool for Designing Planning Domains. Last accessed Jan. 23, 2017, 5 Pages.;;Wilkins, Can AI Planners Solve Practical Problems?, Computational Intelligence Journal, Last accessed Jan. 23, 2017, 32 Pages.;;Yoon, et al. Towards Model-lite Planning: A Proposal For Learning & Planning with Incomplete Domain Models, Last accessed Jan. 23, 2017, 6 Pages.;;Zhuo et al. Learning complex action models with quantifiers and logical implications, Artificial Intelligence 174, Sep. 29, 2010, Last accessed Jan. 23, 2017, pp. 1540-1569.;;Zhuo et al. Refining Incomplete Planning Domain Models Through Plan Traces, Last accessed Jan. 23, 2017, 7 Pages.;;Han, et al. Data Mining Concepts and Techniques, Last accessed Jan. 21, 2017, 740 Pages.;;Ghallab, et al. Automated Planning Theory and Practice, Last accessed Jan. 21, 2017, pp. 1-300.;;Ghallab, et al. Automated Planning Theory and Practice, Last accessed Jan. 21, 2017, pp. 301-638.;;Wang, Learning by Observation and Practice: An Incremental Approach for Planning Operator Acquisition, In Proceedings of the 12th International Conference on Machine Learning, 1995, Last accessed Jan. 27, 2017, 9 Pages.;;Non-Final Office Action received for U.S. Appl. No. 15/420,433 dated Oct. 30, 2019, 27 pages.",INACTIVE
10,WO,A1,WO 2023/247128 A1,169-513-744-178-059,2023-12-28,2023,PCT/EP2023/063877,2023-05-24,FR 2206069 A,2022-06-21,METHOD FOR GENERATING SYNTHETIC SPECTRAL DATA,"The invention relates to a computer-implemented method for synthesising spectral data, the method comprising the steps of: - acquiring (110), by means of spectroscopy, a set of spectral data each associating a spectrum with a sample having a specific chemical composition; - determining (130) a theoretical model of the distribution of the intensities of the spectrum for each wavelength channel of the spectrum; - generating (140) a set of synthetic spectral data (150) by generating, for each wavelength channel of the spectrum, an intensity chosen at random according to the probability distribution of the theoretical model.",COMMISSARIAT ENERGIE ATOMIQUE,FINOTELLO RICCARDO;;TAMAAZOUSTI MOHAMED;;SIRVEN JEAN-BAPTISTE,,https://lens.org/169-513-744-178-059,Patent Application,yes,0,1,4,020-892-490-121-229;;073-718-676-840-845;;092-255-776-241-576;;169-513-744-178-059,EP;;FR;;CN;;WO,4,020-892-490-121-229;;073-718-676-840-845;;092-255-776-241-576;;169-513-744-178-059,EP;;FR;;CN;;WO,0,G01N21/718;;G06N3/08;;G06N20/00;;G06N20/10,G01N21/71;;G06N3/08,,27,20,034-370-938-059-524;;155-529-683-846-065;;118-322-254-914-859;;015-127-708-539-224;;001-906-041-420-034;;100-485-131-354-268;;077-867-993-013-848;;009-658-729-257-66X;;011-060-182-696-831;;065-885-904-575-800;;072-760-510-338-604;;053-413-243-927-176;;021-360-407-051-522;;058-284-839-994-103;;098-744-131-583-435;;018-940-702-765-598;;048-273-926-498-03X;;152-283-926-812-083;;105-697-386-814-55X;;004-269-574-716-057,34340442;;10.1063/5.0054920;;10.1016/j.sab.2018.03.015;;10.54364/aaiml.2023.1144;;10.1039/d1ja00040c;;10.1016/j.saa.2020.118841;;32871392;;10.1016/j.ejmp.2021.02.006;;33662856;;10.1214/aoms/1177728190;;10.1007/s00340-021-07681-y;;10.1088/2058-6272/aaef6e;;10.1162/neco.1989.1.4.541;;10.1366/11-06574;;22449322;;10.1186/s40537-019-0197-0;;10.1109/iiphdw.2018.8388338;;10.1016/j.sab.2020.105801;;10.1039/d0ja00431f;;10.1016/j.apgeochem.2021.105135;;10.1016/j.sab.2021.106183;;10.1016/j.sab.2012.11.007;;10.1109/icarsc49921.2020.9096166;;pmc2921659;;10.1109/cvpr.2009.5206560;;10.1109/cvpr.2009.5206848;;20717476,"YOUNSIK KIM ET AL: ""Deep learning-based statistical noise reduction for multidimensional spectral data"", ARXIV.ORG, CORNELL UNIVERSITY LIBRARY, 201 OLIN LIBRARY CORNELL UNIVERSITY ITHACA, NY 14853, 2 July 2021 (2021-07-02), XP091006736, DOI: 10.1063/5.0054920;;YOSHINO SOICHI ET AL: ""Signal preprocessing of deep-sea laser-induced plasma spectra for identification of pelletized hydrothermal deposits using Artificial Neural Networks"", SPECTROCHIMICA ACTA. PART B: ATOMIC SPECTROSCOPY., vol. 145, 4 April 2018 (2018-04-04), US, pages 1 - 7, XP093017278, ISSN: 0584-8547, DOI: 10.1016/j.sab.2018.03.015;;SHEELA RAMANNA ET AL: ""Machine Learning of polymer types from the spectral signature of Raman spectroscopy microplastics data"", ARXIV.ORG, CORNELL UNIVERSITY LIBRARY, 201 OLIN LIBRARY CORNELL UNIVERSITY ITHACA, NY 14853, 14 January 2022 (2022-01-14), XP091137487;;CHANG FU ET AL: ""Repeatability enhancing method for one-shot LIBS analysis via spectral intensity correction based on probability distribution"", vol. 36, no. 8, 4 August 2021 (2021-08-04), pages 1712 - 1723, XP093017244, ISSN: 0267-9477, Retrieved from the Internet <URL:https://pubs.rsc.org/en/content/articlepdf/2021/ja/d1ja00040c> DOI: 10.1039/D1JA00040C;;WU XIJUN ET AL: ""Total synchronous fluorescence spectroscopy coupled with deep learning to rapidly identify the authenticity of sesame oil"", SPECTROCHIMICA ACTA PART A: MOLECULAR AND BIOMOLECULAR SPECTROSCOPY, ELSEVIER, AMSTERDAM, NL, vol. 244, 20 August 2020 (2020-08-20), XP086298701, ISSN: 1386-1425, [retrieved on 20200820], DOI: 10.1016/J.SAA.2020.118841;;CASTIGLIONI ISABELLA ET AL: ""AI applications to medical images: From machine learning to deep learning"", PHYSICA MEDICA, ACTA MEDICA EDIZIONI E CONGRESSI, ROME, IT, vol. 83, 1 March 2021 (2021-03-01), pages 9 - 24, XP086596630, ISSN: 1120-1797, [retrieved on 20210301], DOI: 10.1016/J.EJMP.2021.02.006;;M. ROSENBLATT: ""Remarks on Some Nonparametric Estimates of a Density Function"", ANN. MATH. STATIST, vol. 27, no. 3, September 1956 (1956-09-01), pages 832 - 837, XP055003923, DOI: 10.1214/aoms/1177728190;;M. H. MOZAFFARIL.-L. TAY: ""A Review of 1D Convolutional Neural Networks toward Unknown Substance Identification in Portable Raman Spectrometer"", ARXIV200610575 CS EESS, 29 October 2021 (2021-10-29), Retrieved from the Internet <URL:http://arxiv.org/abs/2006.10575>;;L. NARLAGIRIV. R. SOMA: ""Simultaneous quantification of Au and Ag composition from Au-Ag bi-metallic LIBS spectra combined with shallow neural network model for multi-output régression"", APPL. PHYS. B, vol. 127, no. 9, 2021, pages 135;;C. LUB. WANGX. JIANGJ. ZHANGK. NIUY. YUAN: ""Détection of K in soil using time-resolved laser-induced breakdown spectroscopy based on convolutional neural networks"", PLASMA SCI. TECHNOL, no. 3, 2019, pages 34014;;F. ROSENBLATT: ""The perceptron, a perceiving and recognizing automaton Project Para"", CORNELL AERONAUTICAL LABORATORY, 1957;;Y. LECUN ET AL.: ""Backpropagation Applied to Handwritten Zip Code Recognition"", NEURAL COMPUT, vol. 1, no. 4, 1989, pages 541 - 551, XP000789854;;Y. LECUN ET AL.: ""Handwritten digit récognition with a back-propagation network"", ADV. NEURAL INF. PROCESS. SYST, vol. 2, 1989;;D. W. HAHNN. OMENETTO: ""Laser-Induced Breakdown Spectroscopy (LIBS), Part II: Review of Instrumental and Methodological Approaches to Material Analysis and Applications to Different Fields"", APPL. SPECTROSC, vol. 66, no. 4, 2012, pages 347 - 419;;L. JOLIVETM. LEPRINCES. MONCAYOL. SORBIERC.-P. LIENEMANNV. MOTTO-ROS, REVIEW OF THE RECENT ADVANCES AND APPLICATIONS OF LIBS-BASED IMAGING, vol. 151, 2019, pages 41 - 53;;C. SHORTENT. M. KHOSHGOFTAAR: ""A survey on Image Data Augmentation for Deep Learning"", J. BIG DATA, vol. 6, no. 1, 2019, pages 60;;A. MIKOLAJCZYKM. GROCHOWSKI: ""Data augmentation for improving deep learning in image classification problem"", 2018 INTERNATIONAL INTERDISCIPLINARY PHD WORKSHOP (IIPHDW, 2018, pages 117 - 122, XP033360783, DOI: 10.1109/IIPHDW.2018.8388338;;K. LID. DAIE. KONUKOGLUL. VAN GOOL: ""Hyperspectral Image Super-Resolution with Spectral Mixup and Heterogeneous Datasets"", ARXIV210107589 CS, 12 January 2022 (2022-01-12), Retrieved from the Internet <URL:http://arxiv.org/abs/2101.07589>;;Q. WEN ET AL.: ""Time Series Data Augmentation for Deep Learning: A Survey"", PROCEEDINGS OF THE THIRTIETH INTERNATIONAL JOINT CONFÉRENCE ON ARTIFICIAL INTELLIGENCE, 2021, pages 4653 - 4660;;J. CHENJ. PISONEROS. CHENX. WANGQ. FANY. DUAN: ""Convolutional neural network as a novel classification approach for laser-induced breakdown spectroscopy applications in lithological recognition"", SPECTROCHIM. ACTA PART B AT. SPECTROSC, vol. 166, 2020, pages 105801, XP086124903, DOI: 10.1016/j.sab.2020.105801;;L. ZOU ET AL.: ""Online simultaneous détermination of H20 and KCI in potash with LIBS coupled to convolutional and back-propagation neural networks"", J. ANAL. AT. SPECTROM, vol. 36, no. 2, 2021, pages 303 - 313;;T. CHEN ET AL.: ""Deep learning with laser-induced breakdown spectroscopy (LIBS) for the classification of rocks based on elemental imaging"", APPL. GEOCHEM, vol. 136, 2022, pages 105135;;L.-N. LIX.-F. LIUF. YANGW.-M. XUJ.-Y. WANGR. SHU: ""A review of artificial neural network based chemometrics applied in laser-induced breakdown spectroscopy analysis,'' Spectrochim"", ACTA PART B AT. SPECTROSC, vol. 180, June 2021 (2021-06-01), pages 106183;;J. EL HADDAD ET AL.: ""Artificiel neural network for on-site quantitative analysis of soils using laser induced breakdown spectroscopy"", SPECTROCHIM. ACTA PART B AT. SPECTROSC, vol. 79, no. 80, 2013, pages 51 - 57, XP055919703, DOI: 10.1016/j.sab.2012.11.007;;I. GOODFELLOWY. BENGIOA. COURVILLE: ""Deep Learning"", 2016, MIT PRESS;;J. J. BIRDD. R. FARIAC. PREMEBIDAA. EKARTP. P. S. AYROSA: ""Overcoming Data Scarcity in Speaker Identification: Dataset Augmentation with Synthetic MFCCs via Character-level RNN"", 2020 IEEE INTERNATIONAL CONFÉRENCE ON AUTONOMOUS ROBOT SYSTEMS AND COMPÉTITIONS (ICARSC, pages 146 - 151;;J. DENGW. DONGR. SOCHERL.-J. LIK. LIL. FEI-FEI: ""ImageNet: A Large-Scale Hierarchical Image Database"", IEEE COMPUTER VISION AND PATTERN RECOGNITION (CVPR, 2009",PENDING
